proof_type,proof_time,r_proof_size,s_proof_size,verification_time,num_constraints
polynomial,0.0623767,408,192,0.0273398,2
complex,0.0569261,408,192,0.0407715,2
polynomial,0.0594027,408,192,0.0268854,2
complex,0.0617956,408,192,0.0414086,2
polynomial,0.0688136,408,192,0.0264039,2
complex,0.060842,408,192,0.04201,2
